{
    "historic_brush_count": 2.6363636363636362,
    "historic_brush_time_minutes": 8.400760559712035
}